tick,RED,BLUE,YELLOW
0,20.4618,19.6671,19.2493
1,20.8427,20.3927,19.7825
2,21.4151,20.4875,18.5933
3,21.0270,20.4777,19.3993
4,20.3385,19.7951,18.7143
5,20.3091,19.9145,18.6268
6,19.8841,20.4572,17.8464
7,18.9702,20.2165,18.2266
8,19.1780,20.5726,16.7527
9,19.5764,20.6744,18.0011
10,18.0909,20.4076,17.6130
11,17.9914,20.1115,16.8967
12,17.8206,20.0385,16.7154
13,17.8235,20.4231,17.0075
14,17.9202,20.5779,17.3502
15,17.5101,20.4665,18.5349
16,17.9718,20.7024,18.1293
17,16.9983,21.1920,18.6132
18,17.3471,21.4603,18.4068
19,17.7583,22.1452,18.0462
20,17.7399,21.8114,16.9140
21,18.1315,21.7615,16.1127
22,17.3833,21.3977,16.7468
23,17.3300,20.9656,16.1151
24,17.8748,20.8970,16.4084
25,17.1110,20.4057,15.8304
26,17.9849,20.2852,15.2261
27,17.8730,20.0205,14.0063
28,17.9151,20.0417,14.0617
29,17.2888,19.7391,14.0867
30,18.4972,19.8037,14.0472
31,18.0973,19.6525,14.1477
32,18.5063,19.6793,13.7468
33,18.4301,19.5860,13.4725
34,18.0667,20.4119,12.6427
35,17.7488,19.4978,12.3006
36,17.3028,19.4681,11.8070
37,17.6086,19.1186,11.1348
38,17.3406,19.3767,11.2949
39,16.8556,18.9051,11.0504
40,17.3092,19.3621,10.9334
41,16.6870,19.4347,10.4448
42,17.4047,19.9024,11.0232
43,16.7966,20.4643,11.4227
44,16.5039,20.5979,11.1117
45,16.8433,20.5565,11.6948
46,17.8917,21.2716,12.1485
47,17.5637,20.9983,12.0356
48,17.4088,21.2596,11.7605
49,17.9851,21.6233,11.7986
50,17.4130,21.8764,11.2261
51,16.7824,21.5994,10.6049
52,17.0643,21.6631,10.4075
53,17.8956,22.0598,10.1253
54,17.9195,22.2962,10.4016
55,17.4179,22.0648,10.4067
56,17.6363,22.1435,10.0864
57,17.3059,22.3802,10.1291
58,17.2994,23.4653,10.5123
59,17.3036,23.4075,10.3455
60,17.9023,23.8595,10.8019
61,17.5954,23.4404,10.7912
62,18.1146,23.7992,11.3112
63,17.9464,23.9054,11.8370
64,16.8726,23.0419,11.7593
65,16.6431,22.9730,11.6915
66,16.9197,23.2823,11.4635
67,17.5262,22.9175,11.4361
68,17.7441,22.8127,11.0667
69,16.6692,22.6647,10.9720
70,15.9243,22.3729,10.8741
71,15.8211,22.0954,10.0143
72,16.0378,22.2718,10.1328
73,15.3949,23.0120,10.0358
74,15.2874,22.9534,9.6398
75,15.8419,22.6020,9.5952
76,15.6227,22.6301,9.6312
77,15.4629,23.3760,9.6914
78,15.3924,23.3154,9.5855
79,15.5285,23.4568,9.7910
80,15.1544,23.2378,9.8955
81,15.7025,23.6763,9.9164
82,16.1564,23.8356,9.8141
83,15.7910,23.8330,9.6473
84,15.4916,23.8977,9.3712
85,15.6216,24.8137,9.9740
86,16.1054,24.7847,9.7809
87,15.9919,25.3715,9.4510
88,15.8507,25.0083,9.5104
89,16.3922,25.1185,9.8171
90,16.4285,25.3696,9.3442
91,16.3246,25.4109,9.8665
92,15.1913,25.3136,9.9565
93,15.0985,25.3701,9.9967
94,14.9179,24.6161,10.1766
95,15.3549,25.1686,10.6306
96,15.4808,24.5183,10.7416
97,15.1600,24.7232,10.1909
98,15.9309,24.7651,10.4306
99,16.3232,24.2247,11.0231
100,16.6306,23.6293,10.2094
101,16.3256,22.4392,10.0617
102,16.5485,22.4141,9.9460
103,16.8359,22.4121,10.2572
104,16.3324,22.1513,10.4199
105,16.3777,22.0856,10.4613
106,16.6395,22.0785,10.7652
107,16.3241,22.2186,11.1558
108,16.5633,22.0141,11.7363
109,16.3255,21.9291,12.0345
110,16.7311,22.5606,13.1665
111,17.6684,22.9983,12.6604
112,16.9357,22.9757,12.1343
113,17.2181,23.5438,11.9256
114,16.7489,23.6734,11.9669
115,17.0360,23.6313,11.8810
116,16.7976,22.8912,11.4316
117,17.1188,22.9042,12.7345
118,17.1233,22.2404,13.2061
119,17.7566,22.4388,13.5915
120,17.8205,22.6999,14.7792
121,17.4435,22.7850,15.3103
122,17.6279,22.6435,15.4431
123,17.9152,21.8485,15.8805
124,17.4877,20.9579,15.3176
125,17.1808,20.6814,15.6324
126,17.0847,20.4394,16.1707
127,16.4787,20.3227,15.8573
128,15.9623,20.8301,16.1138
129,15.9220,20.6250,15.5040
130,16.3558,21.4419,16.4546
131,17.5718,22.7422,17.3529
132,17.0826,22.7525,17.5416
133,17.3594,23.2901,16.8815
134,17.4513,23.9672,17.5290
135,18.0552,25.0416,16.7784
136,19.3482,25.9986,17.8421
137,18.7761,26.2245,18.1301
138,17.8250,25.3361,16.8344
139,18.0422,25.0287,16.6661
140,17.6546,24.4654,17.3962
141,18.6444,24.7081,18.6026
142,18.8226,25.1392,17.6299
143,19.0632,25.2193,16.1646
144,19.5492,25.6636,15.7875
145,19.1548,26.5826,16.9074
146,18.6529,25.8581,16.8016
147,18.3784,25.6571,17.2294
148,18.2675,25.4642,17.2926
149,19.1279,25.4078,18.3143
150,18.8912,26.0492,18.2673
151,18.8691,25.3431,18.8313
152,18.9540,25.7551,19.4672
153,19.7567,26.0615,18.9208
154,19.6870,25.6152,19.9738
155,20.3275,25.4286,19.4501
156,21.1045,25.2528,20.0319
157,21.8030,24.8670,18.2197
158,21.0667,24.8459,18.4585
159,21.1392,24.8120,18.3068
160,22.5687,25.3573,18.6301
161,22.1393,25.8780,18.4857
162,22.2418,25.9059,19.4584
163,22.2224,25.5138,19.0768
164,23.6864,25.2376,20.0366
165,23.9775,25.5664,20.2688
166,24.2842,25.6432,19.7410
167,23.7673,25.6783,20.5531
168,23.7121,25.2305,21.3110
169,23.8010,25.5924,20.1797
170,24.8191,25.8606,20.5518
171,24.3637,25.4714,21.1906
172,24.6130,26.3670,20.1202
173,23.9139,25.5648,18.6970
174,23.2356,25.2666,18.7571
175,24.7479,25.7290,19.4743
176,24.3787,25.6923,19.4025
177,24.0019,25.1643,18.6066
178,24.2452,25.8575,19.1452
179,24.4108,25.7145,18.9156
180,23.6235,25.1030,18.7380
181,24.1357,24.7686,17.3305
182,23.6441,25.1462,17.0020
183,23.8697,25.3335,18.1190
184,23.2848,25.5763,17.9439
185,23.5989,25.8915,18.5827
186,23.7319,25.6436,18.9017
187,23.8451,25.9056,19.0384
188,23.5857,25.6126,18.9666
189,23.6591,25.3856,18.6277
190,24.5528,26.3844,18.3769
191,25.7931,26.9064,17.9384
192,25.9655,28.0179,18.5707
193,27.1009,28.2163,18.9763
194,27.4092,28.7703,20.1930
195,26.2536,28.9814,21.7532
196,26.6999,28.5721,22.3061
197,25.7395,27.5468,21.6252
198,25.4271,26.9961,23.4789
199,24.7719,27.3628,23.2855